BEGIN TRANSACTION;
CREATE TABLE IF NOT EXISTS "Location" (
	"location_id"	INTEGER NOT NULL PRIMARY KEY AUTOINCREMENT UNIQUE,
	"name"	TEXT NOT NULL
);
CREATE TABLE IF NOT EXISTS "Log" (
	"log_id"	INTEGER NOT NULL PRIMARY KEY AUTOINCREMENT UNIQUE,
	"date"	TEXT NOT NULL,
	"game_day"	INTEGER,
	"msg"	TEXT NOT NULL,
	"sent"	INTEGER NOT NULL DEFAULT 0,
	"target_channel_id"	INTEGER NOT NULL
);
CREATE TABLE IF NOT EXISTS "Payment" (
	"payment_id"	INTEGER NOT NULL PRIMARY KEY AUTOINCREMENT UNIQUE,
	"player_id"	INTEGER,
	"team_id"	INTEGER NOT NULL,
	"amount"	INTEGER NOT NULL,
	"location_edge"	INTEGER NOT NULL,
	"time"	INTEGER NOT NULL
);
CREATE TABLE IF NOT EXISTS "LocationEdge" (
	"edge_id"	INTEGER NOT NULL PRIMARY KEY AUTOINCREMENT UNIQUE,
	"start_location_id"	INTEGER NOT NULL,
	"end_location_id"	INTEGER NOT NULL,
	"weight"	INTEGER NOT NULL
);
CREATE TABLE IF NOT EXISTS "Team" (
	"team_id"	INTEGER NOT NULL PRIMARY KEY AUTOINCREMENT UNIQUE,
	"name"	TEXT NOT NULL,
	"current_location_id"	INTEGER
);
CREATE TABLE IF NOT EXISTS "Player" (
	"player_id"	INTEGER NOT NULL PRIMARY KEY AUTOINCREMENT UNIQUE,
	"discord_id"	TEXT NOT NULL UNIQUE,
	"team_id"	INTEGER,
	"coins"	INTEGER
);
INSERT INTO "Location" VALUES (0,'London');
INSERT INTO "Location" VALUES (1,'London');
INSERT INTO "Location" VALUES (2,'Dublin');
INSERT INTO "Location" VALUES (3,'Madrid');
INSERT INTO "Location" VALUES (4,'Lisbon');
INSERT INTO "Location" VALUES (5,'Casablanca');
INSERT INTO "Location" VALUES (6,'Reykjavik');
INSERT INTO "Location" VALUES (7,'Quebec City');
INSERT INTO "Location" VALUES (8,'New York City');
INSERT INTO "Location" VALUES (9,'Ottawa');
INSERT INTO "Location" VALUES (10,'Montreal');
INSERT INTO "Location" VALUES (11,'Charlotte');
INSERT INTO "Location" VALUES (12,'Port-au-Prince');
INSERT INTO "Location" VALUES (13,'Caracas');
INSERT INTO "Location" VALUES (14,'Havana');
INSERT INTO "Location" VALUES (15,'Miami');
INSERT INTO "Location" VALUES (16,'Lima');
INSERT INTO "Location" VALUES (17,'Pittsburgh');
INSERT INTO "Location" VALUES (18,'Atlanta');
INSERT INTO "Location" VALUES (19,'Detroit');
INSERT INTO "Location" VALUES (20,'Nashville');
INSERT INTO "Location" VALUES (21,'Panama City');
INSERT INTO "Location" VALUES (22,'Galapagos Islands');
INSERT INTO "Location" VALUES (23,'Guatemala');
INSERT INTO "Location" VALUES (24,'Mexico City');
INSERT INTO "Location" VALUES (25,'Santiago');
INSERT INTO "Location" VALUES (26,'Chicago');
INSERT INTO "Location" VALUES (27,'New Orleans');
INSERT INTO "Location" VALUES (28,'Minneapolis');
INSERT INTO "Location" VALUES (29,'Kansas City');
INSERT INTO "Location" VALUES (30,'Winnipeg');
INSERT INTO "Location" VALUES (31,'Edmonton');
INSERT INTO "Location" VALUES (32,'Denver');
INSERT INTO "Location" VALUES (33,'Dallas');
INSERT INTO "Location" VALUES (34,'El Paso');
INSERT INTO "Location" VALUES (35,'Phoenix');
INSERT INTO "Location" VALUES (36,'Juneau');
INSERT INTO "Location" VALUES (37,'Las Vegas');
INSERT INTO "Location" VALUES (38,'San Diego');
INSERT INTO "Location" VALUES (39,'San Francisco');
INSERT INTO "Location" VALUES (40,'Seattle');
INSERT INTO "Location" VALUES (41,'Vancouver');
INSERT INTO "Location" VALUES (42,'Los Angeles');
INSERT INTO "Location" VALUES (43,'Anchorage');
INSERT INTO "Location" VALUES (44,'Honolulu');
INSERT INTO "Location" VALUES (45,'Auckland');
INSERT INTO "Location" VALUES (46,'Sydney');
INSERT INTO "Location" VALUES (47,'Melbourne');
INSERT INTO "Location" VALUES (48,'Adelaide');
INSERT INTO "Location" VALUES (49,'Perth');
INSERT INTO "Location" VALUES (50,'Jakarta');
INSERT INTO "Location" VALUES (51,'Singapore');
INSERT INTO "Location" VALUES (52,'Colombo');
INSERT INTO "Location" VALUES (53,'Bangkok');
INSERT INTO "Location" VALUES (54,'Tokyo');
INSERT INTO "Location" VALUES (55,'Seoul');
INSERT INTO "Location" VALUES (56,'Beijing');
INSERT INTO "Location" VALUES (57,'Shanghai');
INSERT INTO "Location" VALUES (58,'Chongqing');
INSERT INTO "Location" VALUES (59,'Taipei');
INSERT INTO "Location" VALUES (60,'Hong Kong');
INSERT INTO "Location" VALUES (61,'Hanoi');
INSERT INTO "Location" VALUES (62,'Dhaka');
INSERT INTO "Location" VALUES (63,'Kathmandu');
INSERT INTO "Location" VALUES (64,'Mumbai');
INSERT INTO "Location" VALUES (65,'Dubai');
INSERT INTO "Location" VALUES (66,'Baghdad');
INSERT INTO "Location" VALUES (67,'Ankara');
INSERT INTO "Location" VALUES (68,'Istanbul');
INSERT INTO "Location" VALUES (69,'Izmir');
INSERT INTO "Location" VALUES (70,'Cairo');
INSERT INTO "Location" VALUES (71,'Athens');
INSERT INTO "Location" VALUES (72,'Catania');
INSERT INTO "Location" VALUES (73,'Naples');
INSERT INTO "Location" VALUES (74,'Tunis');
INSERT INTO "Location" VALUES (75,'Sarajevo');
INSERT INTO "Location" VALUES (76,'Rome');
INSERT INTO "Location" VALUES (77,'Beirut');
INSERT INTO "Location" VALUES (78,'Sofia');
INSERT INTO "Location" VALUES (79,'Bucharest');
INSERT INTO "Location" VALUES (80,'Valencia');
INSERT INTO "Location" VALUES (81,'Barcelona');
INSERT INTO "Location" VALUES (82,'Vienna');
INSERT INTO "Location" VALUES (83,'Prague');
INSERT INTO "Location" VALUES (84,'Munich');
INSERT INTO "Location" VALUES (85,'Katowice');
INSERT INTO "Location" VALUES (86,'Berlin');
INSERT INTO "Location" VALUES (87,'Zurich');
INSERT INTO "Location" VALUES (88,'Paris');
INSERT INTO "Location" VALUES (89,'Brussels');
INSERT INTO "Location" VALUES (90,'Amsterdam');
INSERT INTO "Location" VALUES (91,'Copenhagen');
INSERT INTO "Location" VALUES (92,'Oslo');
INSERT INTO "Location" VALUES (93,'Edinburgh');
INSERT INTO "Location" VALUES (94,'Manchester');
INSERT INTO "Location" VALUES (95,'Monaco');
INSERT INTO "Location" VALUES (96,'Budapest');
INSERT INTO "Location" VALUES (97,'Frankfurt');
INSERT INTO "Location" VALUES (98,'Cologne');
INSERT INTO "LocationEdge" VALUES (1,1,2,462);
INSERT INTO "LocationEdge" VALUES (2,1,3,1257);
INSERT INTO "LocationEdge" VALUES (3,1,4,1582);
INSERT INTO "LocationEdge" VALUES (4,2,3,1453);
INSERT INTO "LocationEdge" VALUES (5,2,4,1641);
INSERT INTO "LocationEdge" VALUES (6,2,6,1495);
INSERT INTO "LocationEdge" VALUES (7,3,4,505);
INSERT INTO "LocationEdge" VALUES (8,3,5,836);
INSERT INTO "LocationEdge" VALUES (9,4,8,5430);
INSERT INTO "LocationEdge" VALUES (10,4,15,6678);
INSERT INTO "LocationEdge" VALUES (11,4,12,6429);
INSERT INTO "LocationEdge" VALUES (12,5,15,6928);
INSERT INTO "LocationEdge" VALUES (13,5,12,6568);
INSERT INTO "LocationEdge" VALUES (14,5,13,6522);
INSERT INTO "LocationEdge" VALUES (15,6,8,4205);
INSERT INTO "LocationEdge" VALUES (16,6,7,3522);
INSERT INTO "LocationEdge" VALUES (17,7,9,378);
INSERT INTO "LocationEdge" VALUES (18,7,10,233);
INSERT INTO "LocationEdge" VALUES (19,8,17,508);
INSERT INTO "LocationEdge" VALUES (20,8,11,853);
INSERT INTO "LocationEdge" VALUES (21,9,26,1034);
INSERT INTO "LocationEdge" VALUES (22,9,19,679);
INSERT INTO "LocationEdge" VALUES (23,9,30,1671);
INSERT INTO "LocationEdge" VALUES (24,9,17,650);
INSERT INTO "LocationEdge" VALUES (25,10,9,169);
INSERT INTO "LocationEdge" VALUES (26,10,19,838);
INSERT INTO "LocationEdge" VALUES (27,10,17,773);
INSERT INTO "LocationEdge" VALUES (28,11,17,583);
INSERT INTO "LocationEdge" VALUES (29,11,18,839);
INSERT INTO "LocationEdge" VALUES (30,11,20,757);
INSERT INTO "LocationEdge" VALUES (31,12,21,1316);
INSERT INTO "LocationEdge" VALUES (32,12,14,1155);
INSERT INTO "LocationEdge" VALUES (33,13,21,1390);
INSERT INTO "LocationEdge" VALUES (34,13,16,2765);
INSERT INTO "LocationEdge" VALUES (35,14,27,1079);
INSERT INTO "LocationEdge" VALUES (36,14,23,1269);
INSERT INTO "LocationEdge" VALUES (37,15,11,1053);
INSERT INTO "LocationEdge" VALUES (38,15,18,976);
INSERT INTO "LocationEdge" VALUES (39,16,22,1938);
INSERT INTO "LocationEdge" VALUES (40,16,25,2466);
INSERT INTO "LocationEdge" VALUES (41,17,19,333);
INSERT INTO "LocationEdge" VALUES (42,17,26,663);
INSERT INTO "LocationEdge" VALUES (43,17,20,759);
INSERT INTO "LocationEdge" VALUES (44,18,20,344);
INSERT INTO "LocationEdge" VALUES (45,18,33,1156);
INSERT INTO "LocationEdge" VALUES (46,19,26,381);
INSERT INTO "LocationEdge" VALUES (47,19,29,1035);
INSERT INTO "LocationEdge" VALUES (48,20,33,990);
INSERT INTO "LocationEdge" VALUES (49,20,26,640);
INSERT INTO "LocationEdge" VALUES (50,20,29,761);
INSERT INTO "LocationEdge" VALUES (51,21,23,1343);
INSERT INTO "LocationEdge" VALUES (52,21,24,2408);
INSERT INTO "LocationEdge" VALUES (53,22,44,7709);
INSERT INTO "LocationEdge" VALUES (54,23,24,1043);
INSERT INTO "LocationEdge" VALUES (55,24,33,1507);
INSERT INTO "LocationEdge" VALUES (56,24,34,1563);
INSERT INTO "LocationEdge" VALUES (57,25,45,9670);
INSERT INTO "LocationEdge" VALUES (58,26,28,580);
INSERT INTO "LocationEdge" VALUES (59,26,29,668);
INSERT INTO "LocationEdge" VALUES (60,27,33,721);
INSERT INTO "LocationEdge" VALUES (61,27,29,1107);
INSERT INTO "LocationEdge" VALUES (62,28,32,1119);
INSERT INTO "LocationEdge" VALUES (63,28,30,620);
INSERT INTO "LocationEdge" VALUES (64,29,33,724);
INSERT INTO "LocationEdge" VALUES (65,29,32,904);
INSERT INTO "LocationEdge" VALUES (66,30,31,1190);
INSERT INTO "LocationEdge" VALUES (67,30,40,1855);
INSERT INTO "LocationEdge" VALUES (68,31,36,1390);
INSERT INTO "LocationEdge" VALUES (69,32,37,973);
INSERT INTO "LocationEdge" VALUES (70,32,35,944);
INSERT INTO "LocationEdge" VALUES (71,32,40,1640);
INSERT INTO "LocationEdge" VALUES (72,33,34,917);
INSERT INTO "LocationEdge" VALUES (73,33,32,1065);
INSERT INTO "LocationEdge" VALUES (74,34,35,556);
INSERT INTO "LocationEdge" VALUES (75,34,37,936);
INSERT INTO "LocationEdge" VALUES (76,35,42,569);
INSERT INTO "LocationEdge" VALUES (77,35,38,476);
INSERT INTO "LocationEdge" VALUES (78,36,43,929);
INSERT INTO "LocationEdge" VALUES (79,37,39,673);
INSERT INTO "LocationEdge" VALUES (80,37,38,430);
INSERT INTO "LocationEdge" VALUES (81,37,42,365);
INSERT INTO "LocationEdge" VALUES (82,38,44,4192);
INSERT INTO "LocationEdge" VALUES (83,39,54,8263);
INSERT INTO "LocationEdge" VALUES (84,39,40,1089);
INSERT INTO "LocationEdge" VALUES (85,40,41,196);
INSERT INTO "LocationEdge" VALUES (86,40,54,7696);
INSERT INTO "LocationEdge" VALUES (87,41,54,7536);
INSERT INTO "LocationEdge" VALUES (88,41,36,1241);
INSERT INTO "LocationEdge" VALUES (89,42,54,8819);
INSERT INTO "LocationEdge" VALUES (90,42,44,4133);
INSERT INTO "LocationEdge" VALUES (91,43,54,5562);
INSERT INTO "LocationEdge" VALUES (92,44,45,7081);
INSERT INTO "LocationEdge" VALUES (93,44,46,8170);
INSERT INTO "LocationEdge" VALUES (94,44,54,6199);
INSERT INTO "LocationEdge" VALUES (95,45,46,2155);
INSERT INTO "LocationEdge" VALUES (96,46,47,707);
INSERT INTO "LocationEdge" VALUES (97,46,49,3283);
INSERT INTO "LocationEdge" VALUES (98,46,48,1167);
INSERT INTO "LocationEdge" VALUES (99,47,48,648);
INSERT INTO "LocationEdge" VALUES (100,47,49,2709);
INSERT INTO "LocationEdge" VALUES (101,48,49,2146);
INSERT INTO "LocationEdge" VALUES (102,49,50,2994);
INSERT INTO "LocationEdge" VALUES (103,50,51,910);
INSERT INTO "LocationEdge" VALUES (104,51,53,1492);
INSERT INTO "LocationEdge" VALUES (105,51,52,2730);
INSERT INTO "LocationEdge" VALUES (106,52,64,1546);
INSERT INTO "LocationEdge" VALUES (107,53,62,1542);
INSERT INTO "LocationEdge" VALUES (108,53,61,978);
INSERT INTO "LocationEdge" VALUES (109,54,55,1161);
INSERT INTO "LocationEdge" VALUES (110,54,57,1766);
INSERT INTO "LocationEdge" VALUES (111,54,59,2105);
INSERT INTO "LocationEdge" VALUES (112,55,56,952);
INSERT INTO "LocationEdge" VALUES (113,55,57,866);
INSERT INTO "LocationEdge" VALUES (114,56,58,1448);
INSERT INTO "LocationEdge" VALUES (115,56,60,1967);
INSERT INTO "LocationEdge" VALUES (116,57,58,1413);
INSERT INTO "LocationEdge" VALUES (117,58,61,948);
INSERT INTO "LocationEdge" VALUES (118,58,62,1752);
INSERT INTO "LocationEdge" VALUES (119,59,60,811);
INSERT INTO "LocationEdge" VALUES (120,59,57,693);
INSERT INTO "LocationEdge" VALUES (121,60,61,870);
INSERT INTO "LocationEdge" VALUES (122,60,58,1062);
INSERT INTO "LocationEdge" VALUES (123,61,62,1608);
INSERT INTO "LocationEdge" VALUES (124,62,63,671);
INSERT INTO "LocationEdge" VALUES (125,62,64,1886);
INSERT INTO "LocationEdge" VALUES (126,63,64,1591);
INSERT INTO "LocationEdge" VALUES (127,64,65,1938);
INSERT INTO "LocationEdge" VALUES (128,65,70,2427);
INSERT INTO "LocationEdge" VALUES (129,65,66,1388);
INSERT INTO "LocationEdge" VALUES (130,66,67,1262);
INSERT INTO "LocationEdge" VALUES (131,66,77,824);
INSERT INTO "LocationEdge" VALUES (132,67,68,344);
INSERT INTO "LocationEdge" VALUES (133,67,69,518);
INSERT INTO "LocationEdge" VALUES (134,68,78,503);
INSERT INTO "LocationEdge" VALUES (135,68,79,441);
INSERT INTO "LocationEdge" VALUES (136,69,71,298);
INSERT INTO "LocationEdge" VALUES (137,69,72,1060);
INSERT INTO "LocationEdge" VALUES (138,69,74,1504);
INSERT INTO "LocationEdge" VALUES (139,70,71,1120);
INSERT INTO "LocationEdge" VALUES (140,70,72,1702);
INSERT INTO "LocationEdge" VALUES (141,71,78,524);
INSERT INTO "LocationEdge" VALUES (142,71,75,792);
INSERT INTO "LocationEdge" VALUES (143,71,76,1053);
INSERT INTO "LocationEdge" VALUES (144,72,73,380);
INSERT INTO "LocationEdge" VALUES (145,72,76,538);
INSERT INTO "LocationEdge" VALUES (146,72,95,942);
INSERT INTO "LocationEdge" VALUES (147,95,87,412);
INSERT INTO "LocationEdge" VALUES (148,95,88,688);
INSERT INTO "LocationEdge" VALUES (149,73,76,185);
INSERT INTO "LocationEdge" VALUES (150,73,95,648);
INSERT INTO "LocationEdge" VALUES (151,74,80,971);
INSERT INTO "LocationEdge" VALUES (152,74,76,603);
INSERT INTO "LocationEdge" VALUES (153,75,82,504);
INSERT INTO "LocationEdge" VALUES (154,75,96,413);
INSERT INTO "LocationEdge" VALUES (155,76,95,462);
INSERT INTO "LocationEdge" VALUES (156,76,81,860);
INSERT INTO "LocationEdge" VALUES (157,77,69,904);
INSERT INTO "LocationEdge" VALUES (158,77,71,1151);
INSERT INTO "LocationEdge" VALUES (159,78,75,419);
INSERT INTO "LocationEdge" VALUES (160,78,96,629);
INSERT INTO "LocationEdge" VALUES (161,79,75,616);
INSERT INTO "LocationEdge" VALUES (162,79,96,641);
INSERT INTO "LocationEdge" VALUES (163,96,82,214);
INSERT INTO "LocationEdge" VALUES (164,96,83,443);
INSERT INTO "LocationEdge" VALUES (165,80,95,803);
INSERT INTO "LocationEdge" VALUES (166,80,81,302);
INSERT INTO "LocationEdge" VALUES (167,81,95,504);
INSERT INTO "LocationEdge" VALUES (168,82,83,250);
INSERT INTO "LocationEdge" VALUES (169,82,84,355);
INSERT INTO "LocationEdge" VALUES (170,82,85,298);
INSERT INTO "LocationEdge" VALUES (171,83,86,281);
INSERT INTO "LocationEdge" VALUES (172,83,97,410);
INSERT INTO "LocationEdge" VALUES (173,84,97,304);
INSERT INTO "LocationEdge" VALUES (174,84,87,240);
INSERT INTO "LocationEdge" VALUES (175,97,89,318);
INSERT INTO "LocationEdge" VALUES (176,97,90,364);
INSERT INTO "LocationEdge" VALUES (177,85,83,326);
INSERT INTO "LocationEdge" VALUES (178,85,86,464);
INSERT INTO "LocationEdge" VALUES (179,86,91,360);
INSERT INTO "LocationEdge" VALUES (180,86,98,480);
INSERT INTO "LocationEdge" VALUES (181,87,89,492);
INSERT INTO "LocationEdge" VALUES (182,87,88,488);
INSERT INTO "LocationEdge" VALUES (183,98,89,182);
INSERT INTO "LocationEdge" VALUES (184,98,90,213);
INSERT INTO "LocationEdge" VALUES (185,88,89,263);
INSERT INTO "LocationEdge" VALUES (186,88,90,428);
INSERT INTO "LocationEdge" VALUES (187,89,90,173);
INSERT INTO "LocationEdge" VALUES (188,90,94,493);
INSERT INTO "LocationEdge" VALUES (189,91,93,983);
INSERT INTO "LocationEdge" VALUES (190,91,92,484);
INSERT INTO "LocationEdge" VALUES (191,92,93,929);
INSERT INTO "LocationEdge" VALUES (192,93,94,281);
INSERT INTO "LocationEdge" VALUES (193,93,0,532);
INSERT INTO "LocationEdge" VALUES (194,94,0,260);
INSERT INTO "Team" VALUES (1,'Argent Boars',64);
INSERT INTO "Team" VALUES (2,'Azure Wolves',94);
INSERT INTO "Team" VALUES (3,'Crimson Stallions',94);
COMMIT;
